Member_ID,Actual_Claims,Predicted_Claims,Residual
M001,300.0,6.275318,293.72468185424805
M002,50.0,6.275318,43.72468185424805
M003,300.0,6.275318,293.72468185424805
M004,150.0,6.275318,143.72468185424805
M005,0.0,6.275318,-6.275318145751953
